"0","depp_orig <- read.csv2(""data/DEPP-etab-1D2D.csv"", stringsAsFactors=FALSE, fileEncoding=""latin1"")"
"0","#Get Info about depp_orig"
"0","class(depp_orig)"
"1","[1]"
"1"," ""data.frame"""
"1","
"
"0","glimpse(depp_orig)"
"1","Observations: 66,556
"
"1","Variables: 17
"
"1","$ numero_uai                <chr> ""0010001W"", ""0010002X"", ""0010005A"", ""0010006B"", ""0010008D"", ""0010010F...
"
"1","$ appellation_officielle    <chr> ""Lycée professionnel Alexandre Bérard"", ""Collège Saint-Exupéry"", ""Col...
"
"1","$ denomination_principale   <chr> ""LP LYCEE DES METIERS"", ""COLLEGE"", ""COLLEGE"", ""LPO LYCEE DES METIERS""...
"
"1","$ patronyme_uai             <chr> ""ALEXANDRE BERARD"", ""SAINT-EXUPERY"", ""ROGER POULNARD"", ""SAINT-EXUPERY...
"
"1","$ secteur_public_prive_libe <chr> ""Public"", ""Public"", ""Public"", ""Public"", ""Public"", ""Public"", ""Public"",...
"
"1","$ adresse_uai               <chr> ""223  RUE ALEXANDRE BERARD"", ""6  RUE AGUETANT"", ""131 RUE DE LA MAIRIE...
"
"1","$ lieu_dit_uai              <chr> """", """", """", """", """", """", """", """", """", """", """", """", """", """", """", """", """", ""...
"
"1","$ boite_postale_uai         <chr> ""519"", ""508"", ""11"", ""616"", ""616"", ""157"", ""301"", ""302"", ""60309"", ""6030...
"
"1","$ code_postal_uai           <int> 1505, 1500, 1380, 1206, 1206, 1306, 1011, 1011, 1011, 1011, 1000, 140...
"
"1","$ localite_acheminement_uai <chr> ""AMBERIEU EN BUGEY CEDEX"", ""AMBERIEU EN BUGEY"", ""BAGE LA VILLE"", ""BEL...
"
"1","$ coordonnee_x              <dbl> 881947.6, 882408.3, 849722.4, 917508.0, 917516.4, 909024.8, 871594.3,...
"
"1","$ coordonnee_y              <dbl> 6544402, 6543020, 6581539, 6561249, 6561130, 6521620, 6569320, 656881...
"
"1","$ appariement               <chr> ""MANUEL"", ""MANUEL"", ""MANUEL"", ""MANUEL"", ""MANUEL"", ""DIFF_NOM"", ""MANUEL...
"
"1","$ localisation              <chr> ""BATIMENT"", ""BATIMENT"", ""BATIMENT"", ""BATIMENT"", ""BATIMENT"", ""PLAQUE_A...
"
"1","$ nature_uai                <int> 320, 340, 340, 306, 340, 300, 302, 300, 300, 320, 340, 320, 320, 340,...
"
"1","$ nature_uai_libe           <chr> ""Lycée professionnel"", ""Collège"", ""Collège"", ""Lycée polyvalent"", ""Col...
"
"1","$ etat_etablissement        <int> 1, 1, 1, 1, 1, 1, 1, 1, 1, 1, 1, 1, 1, 1, 1, 1, 1, 1, 1, 1, 1, 1, 1, ...
"
"0","#Modifying the file"
"0","depp_modif <- as_data_frame(depp_orig)"
"0","class(depp_modif)"
"1","[1]"
"1"," ""tbl_df""    "
"1"," ""tbl""       "
"1"," ""data.frame"""
"1","
"
"0","# Problem with zip code that start by 0 - The leading 0 is mising so zip code is only 4 digit long"
"0","# Need to add back the missing 0"
"0","depp_modif <- depp_orig %>%"
"0","  mutate("
"0","    dpt =  case_when(nchar(as.character(code_postal_uai)) == 5 ~ as.character(floor(code_postal_uai/1000)),"
"0","                     nchar(as.character(code_postal_uai)) == 4 ~ paste0(""0"", floor(code_postal_uai/1000)),"
"0","                     is.na(code_postal_uai) ~ """","
"0","                     TRUE ~ ""Error""),"
"0","    code_postal_uai = case_when(nchar(as.character(code_postal_uai)) == 5 ~ as.character(code_postal_uai),"
"0","                                nchar(as.character(code_postal_uai)) == 4 ~ paste0(""0"",code_postal_uai),"
"0","                                is.na(code_postal_uai) ~ """","
"0","                                TRUE ~ ""Error"")"
"0","         )"
"0","write.csv(depp_modif, file = ""depp_modif.csv"")"
