"0","#We get the number fo children per dpt"
"0","numchilddpt <-  prenoms %>% "
"0","  group_by(dpt) %>%"
"0","  summarise(numchild = sum(n))"
"0","#We account for the fact that some departement are not accounted for the same way in th two datasets"
"0","numchilddpt <- numchilddpt %>% "
"0","  rbind(c(""20"","
"0","          numchilddpt %>% "
"0","            filter(dpt %in% c(""2A"", ""2B"")) %>% "
"0","            summarize(numchild = sum(numchild)) %>% "
"0","            first())) %>%"
"0","  rbind(c(""97"","
"0","          numchilddpt %>% "
"0","            filter(dpt %in% c(""971"", ""972"", ""973"", ""974"")) %>% "
"0","            summarize(numchild = sum(numchild)) %>% "
"0","            first())) %>% "
"0","  filter(!(dpt %in% c(""2A"", ""2B"")),"
"0","         !(dpt %in% c(""971"", ""972"", ""973"", ""974"")))"
"0","#Lets merge them into one dataset"
"0","masterdata <- numchilddpt %>% "
"0","  inner_join(numcollgedpt, by=""dpt"") %>% "
"0","  inner_join(factdpt, by=""dpt"") %>% "
"0","  arrange(desc(numchild), desc(nbcol), desc(totfact))"
