"0","# Let's check {dplyr} version"
"0","if (as.numeric(substr(packageVersion(""dplyr""),1,3)) >= 0.7) {"
"0","  print(""{dplyr} >= 0.7 is installed"")"
"0","} else {print(""{dplyr} >= 0.7 is not installed"")}"
"1","[1]"
"1"," ""{dplyr} >= 0.7 is installed"""
"1","
"
"0","# Let's check if {prenoms} is installed"
"0","if (tryCatch(library(prenoms)[1], error = function(e) {return(0)}) == 0){"
"0","  print(""The {prenoms} package is not installed"")"
"0","} else {""The {prenoms} package is installed""}"
"1","[1]"
"1"," ""The {prenoms} package is installed"""
"1","
"
