"0","dpt <- read.csv(file.path(""data/"", ""dpt_data_modif.csv""))"
"0","glimpse(dpt)"
"1","Observations: 96
"
"1","Variables: 7
"
"1","$ CODE_DEPT <fct> 39, 42, 76, 89, 68, 28, 10, 55, 61, 67, 47, 40, 14, 93, 62, 15, 45, 63, 02, 35, 71, 0...
"
"1","$ NOM_DEPT  <fct> JURA, LOIRE, SEINE-MARITIME, YONNE, HAUT-RHIN, EURE-ET-LOIR, AUBE, MEUSE, ORNE, BAS-R...
"
"1","$ CODE_CHF  <int> 300, 218, 540, 24, 66, 85, 387, 29, 1, 482, 1, 192, 118, 8, 41, 14, 234, 113, 408, 23...
"
"1","$ NOM_CHF   <fct> LONS-LE-SAUNIER, SAINT-ETIENNE, ROUEN, AUXERRE, COLMAR, CHARTRES, TROYES, BAR-LE-DUC,...
"
"1","$ CODE_REG  <int> 27, 84, 28, 27, 44, 24, 44, 44, 28, 44, 75, 75, 28, 11, 32, 84, 24, 84, 32, 53, 27, 7...
"
"1","$ NOM_REG   <fct> BOURGOGNE-FRANCHE-COMTE, AUVERGNE-RHONE-ALPES, NORMANDIE, BOURGOGNE-FRANCHE-COMTE, AL...
"
"1","$ surface_m <dbl> 5039577584, 4797372418, 6327702279, 7451282080, 3528390720, 5927265449, 6021968331, 6...
"
