{"chunk_definitions":[{"chunk_id":"c5iuv200qbqf8","chunk_label":"unnamed-chunk-2","document_id":"2151561A","expansion_state":0,"options":{"echo":false,"engine":"r","eval":false,"label":"unnamed-chunk-1"},"row":38,"row_count":1,"visible":true},{"chunk_id":"c4atigxpb51zx","chunk_label":"unnamed-chunk-3","document_id":"2151561A","expansion_state":0,"options":{"engine":"r","label":"unnamed-chunk-2"},"row":51,"row_count":1,"visible":true},{"chunk_id":"ca2sf1j5533a0","chunk_label":"unnamed-chunk-4","document_id":"2151561A","expansion_state":0,"options":{"engine":"r","label":"unnamed-chunk-3"},"row":62,"row_count":1,"visible":true},{"chunk_id":"c00ptyx25yx4t","chunk_label":"unnamed-chunk-5","document_id":"2151561A","expansion_state":0,"options":{"engine":"r","label":"unnamed-chunk-4"},"row":68,"row_count":1,"visible":true},{"chunk_id":"ceq9v51y5o6y3","chunk_label":"unnamed-chunk-6","document_id":"2151561A","expansion_state":0,"options":{"engine":"r","eval":false,"label":"unnamed-chunk-5"},"row":83,"row_count":1,"visible":true},{"chunk_id":"c6xn2w696ez2f","chunk_label":"unnamed-chunk-7","document_id":"2151561A","expansion_state":0,"options":{"engine":"r","label":"unnamed-chunk-6"},"row":89,"row_count":1,"visible":true},{"chunk_id":"cpagfvkqbjwm3","chunk_label":"unnamed-chunk-8","document_id":"2151561A","expansion_state":0,"options":{"engine":"r","label":"unnamed-chunk-7"},"row":98,"row_count":1,"visible":true},{"chunk_id":"cw48dfn5x7jm9","chunk_label":"unnamed-chunk-9","document_id":"2151561A","expansion_state":0,"options":{"engine":"r","label":"unnamed-chunk-8"},"row":146,"row_count":1,"visible":true},{"chunk_id":"c0a0pz07kedqb","chunk_label":"unnamed-chunk-10","document_id":"2151561A","expansion_state":0,"options":{"engine":"r","label":"unnamed-chunk-9"},"row":156,"row_count":1,"visible":true},{"chunk_id":"c4ucr1k8h3b1m","chunk_label":"unnamed-chunk-11","document_id":"2151561A","expansion_state":0,"options":{"engine":"r","label":"unnamed-chunk-10"},"row":195,"row_count":1,"visible":true},{"chunk_id":"crsnpbo1uzw45","chunk_label":"unnamed-chunk-12","document_id":"2151561A","expansion_state":0,"options":{"engine":"r","label":"unnamed-chunk-11"},"row":202,"row_count":1,"visible":true},{"chunk_id":"c5f9k7pqawwfp","chunk_label":"unnamed-chunk-13","document_id":"2151561A","expansion_state":0,"options":{"engine":"r","label":"unnamed-chunk-12"},"row":258,"row_count":1,"visible":true},{"chunk_id":"crshjmjedjg05","chunk_label":"unnamed-chunk-14","document_id":"2151561A","expansion_state":0,"options":{"engine":"r","label":"unnamed-chunk-13"},"row":302,"row_count":1,"visible":true},{"chunk_id":"cftjtzw2shu8g","chunk_label":"unnamed-chunk-15","document_id":"2151561A","expansion_state":0,"options":{"engine":"r","label":"unnamed-chunk-14"},"row":316,"row_count":1,"visible":true},{"chunk_id":"cmth4t9occi1x","chunk_label":"unnamed-chunk-16","document_id":"2151561A","expansion_state":0,"options":{"engine":"r","label":"unnamed-chunk-15"},"row":352,"row_count":1,"visible":true},{"chunk_id":"ccqbkrs1n5ycq","chunk_label":"unnamed-chunk-17","document_id":"2151561A","expansion_state":0,"options":{"engine":"r","label":"unnamed-chunk-16"},"row":386,"row_count":1,"visible":true},{"chunk_id":"cgz6kuzlzoqxz","chunk_label":"unnamed-chunk-18","document_id":"2151561A","expansion_state":0,"options":{"engine":"r","label":"unnamed-chunk-17"},"row":396,"row_count":1,"visible":true},{"chunk_id":"caficx2funpwt","chunk_label":"unnamed-chunk-19","document_id":"2151561A","expansion_state":0,"options":{"engine":"r","label":"unnamed-chunk-18"},"row":447,"row_count":1,"visible":true}],"doc_write_time":1541246819}