"0","#We nee to change the corsica observation so tht it is not separated in 2A 2B                                                                                   "
"0","Corsica_observation <- data.frame(CODE_DEPT=""20"",suface_m=dpt %>%  "
"0","  select(CODE_DEPT, surface_m) %>% "
"0","  filter(CODE_DEPT %in% c(""2A"", ""2B"")) %>% "
"0","  summarise(surface_m= sum(surface_m))) #This creates the row of dpt ""20"" that is the sum of the two subpart of corsica"
"0","#now we need to merge this row with the dataset ""dpt"" and take out ""2A"" and ""2B"""
"0","surfacedpt <- dpt %>% "
"0","  select(CODE_DEPT, surface_m) %>% "
"0","  mutate(CODE_DEPT = as.character.factor(CODE_DEPT),"
"0","         surface_m = as.double(round(surface_m))) %>% "
"0","  filter(!(CODE_DEPT %in% c(""2A"", ""2B""))) %>% #We filetr out ""2A"" & ""2B"""
"0","  full_join(Corsica_observation, by=""CODE_DEPT"") %>% "
"0","  replace(., is.na(.), 0) %>% #The join creates NA - We remove them to add the two column"
"0","  mutate( surface_km=(surface_m.x + surface_m.y)/1000000) %>% "
"0","  select(CODE_DEPT, surface_km)"
"2","Column `CODE_DEPT` joining character vector and factor, coercing into character vector"
"0","  "
"0","#Now that we have the right number of dpt and their correponding size in KM2 we can compute the averages required"
"0","summarydata <- masterdata %>% "
"0","  left_join(surfacedpt, by=c(""dpt""=""CODE_DEPT"")) %>%"
"0","  mutate(numchildperkm = as.integer(numchild)/surface_km,"
"0","         numcollgeperkm = nbcol/surface_km,"
"0","         totfactkm = totfact/surface_km) %>% "
"0","  select(-""numchild"",-""nbcol"",-""totfact"",-""surface_km"" )"
