"0","#We get the first 15 prenoms in france"
"0","names15 <- prenoms %>% "
"0","  group_by(name) %>% "
"0","  summarize(n_children = sum(n)) %>% "
"0","  arrange(-n_children) %>% "
"0","  head(n = 15) %>% "
"0","  select(name) %>% "
"0","  as.vector()"
"0","#The dataset prenoms contain differences between ""2A"" ""2B"" and ""20"", so we need modify it"
"0","prenomsmodif <- prenoms %>% "
"0","  filter(!(dpt %in% c(""2A"", ""2B""))) %>% "
"0","  full_join(prenoms %>% "
"0","    filter(dpt %in% c(""2A"", ""2B"")) %>% "
"0","    group_by(year, sex, name) %>% "
"0","    summarize(n=sum(n)) %>% "
"0","    mutate(dpt=""20""), by = c(""year"", ""sex"", ""name"", ""n"", ""dpt""))"
"0","prenomsmodif %>% "
"0","  filter(name %in% names15[[1]]) %>% #We take the value for the top 15 prenoms by year, dpt and the number of obs"
"0","  group_by(name, dpt) %>% "
"0","  summarize(n_children = sum(n)) %>%"
"0","  left_join(surfacedpt, by = c(""dpt""=""CODE_DEPT"")) %>% # We join with the dataset for the number of obs"
"0","  mutate(numchildperkm =n_children / surface_km) %>% "
"0","  select(-n_children, -surface_km) %>% "
"0","  filter(!(dpt %in% c(""971"", ""972"", ""973"",""974"")))#we do not have information about 97... in the dataset, hence we have to take it out"
