"0","#If we don't specify the type of variable in column dpt & code postal uai we end up with the same problem we just fixed above"
"0","depp_modif <- read.csv(""depp_modif.csv"", colClasses = c(""dpt"" = ""character"", ""code_postal_uai"" = ""character""))"
"0","glimpse(depp_modif)"
"1","Observations: 66,556
"
"1","Variables: 19
"
"1","$ X                         <int> 1, 2, 3, 4, 5, 6, 7, 8, 9, 10, 11, 12, 13, 14, 15, 16, 17, 18, 19, 20...
"
"1","$ numero_uai                <fct> 0010001W, 0010002X, 0010005A, 0010006B, 0010008D, 0010010F, 0010013J,...
"
"1","$ appellation_officielle    <fct> Lycée professionnel Alexandre Bérard, Collège Saint-Exupéry, Collège ...
"
"1","$ denomination_principale   <fct> LP LYCEE DES METIERS, COLLEGE, COLLEGE, LPO LYCEE DES METIERS, COLLEG...
"
"1","$ patronyme_uai             <fct> ALEXANDRE BERARD, SAINT-EXUPERY, ROGER POULNARD, SAINT-EXUPERY, SAINT...
"
"1","$ secteur_public_prive_libe <fct> Public, Public, Public, Public, Public, Public, Public, Public, Publi...
"
"1","$ adresse_uai               <fct> 223  RUE ALEXANDRE BERARD, 6  RUE AGUETANT, 131 RUE DE LA MAIRIE, 15 ...
"
"1","$ lieu_dit_uai              <fct> , , , , , , , , , , , , , , , , , , , , , , , , , , , , , , , , , , , 
"
"1","$ boite_postale_uai         <fct> 519, 508, 11, 616, 616, 157, 301, 302, 60309, 60309, , , 303, , 328, ...
"
"1","$ code_postal_uai           <chr> ""01505"", ""01500"", ""01380"", ""01206"", ""01206"", ""01306"", ""01011"", ""01011...
"
"1","$ localite_acheminement_uai <fct> AMBERIEU EN BUGEY CEDEX, AMBERIEU EN BUGEY, BAGE LA VILLE, BELLEGARDE...
"
"1","$ coordonnee_x              <dbl> 881947.6, 882408.3, 849722.4, 917508.0, 917516.4, 909024.8, 871594.3,...
"
"1","$ coordonnee_y              <dbl> 6544402, 6543020, 6581539, 6561249, 6561130, 6521620, 6569320, 656881...
"
"1","$ appariement               <fct> MANUEL, MANUEL, MANUEL, MANUEL, MANUEL, DIFF_NOM, MANUEL, MANUEL, MAN...
"
"1","$ localisation              <fct> BATIMENT, BATIMENT, BATIMENT, BATIMENT, BATIMENT, PLAQUE_ADRESSE, BAT...
"
"1","$ nature_uai                <int> 320, 340, 340, 306, 340, 300, 302, 300, 300, 320, 340, 320, 320, 340,...
"
"1","$ nature_uai_libe           <fct> Lycée professionnel, Collège, Collège, Lycée polyvalent, Collège, Lyc...
"
"1","$ etat_etablissement        <int> 1, 1, 1, 1, 1, 1, 1, 1, 1, 1, 1, 1, 1, 1, 1, 1, 1, 1, 1, 1, 1, 1, 1, ...
"
"1","$ dpt                       <chr> ""01"", ""01"", ""01"", ""01"", ""01"", ""01"", ""01"", ""01"", ""01"", ""01"", ""01"", ""01...
"
